Workbook

Sheet Summary
A1: GeodesicDome optimisation — summary
A2: Icosahedron dome. Change the frequency in B4 (4, 8, 16, 32 or 64); every figure below updates from the data sheet.
A4: Frequency | B4: 32
A6: Metric | B6: Old repo | C6: Core | D6: New (arrays only) | E6: New (all vertex objects) | F6: Core ÷ New (arrays) | G6: Old ÷ New (arrays)
A7: Build (ms) | B7: =SUMIFS('Icosahedron data'!$C$5:$C$24,'Icosahedron data'!$A$5:$A$24,"Old repo",'Icosahedron data'!$B$5:$B$24,$B$4) -> 170.03 | C7: =SUMIFS('Icosahedron data'!$C$5:$C$24,'Icosahedron data'!$A$5:$A$24,"Core (geodesic_grid_core.py)",'Icosahedron data'!$B$5:$B$24,$B$4) -> 39.24 | D7: =SUMIFS('Icosahedron data'!$C$5:$C$24,'Icosahedron data'!$A$5:$A$24,"New (arrays only)",'Icosahedron data'!$B$5:$B$24,$B$4) -> 3.13 | E7: =SUMIFS('Icosahedron data'!$C$5:$C$24,'Icosahedron data'!$A$5:$A$24,"New (with all vertex objects)",'Icosahedron data'!$B$5:$B$24,$B$4) -> 7.87 | F7: =IFERROR(C7/D7,"") -> 12.536741 | G7: =IFERROR(B7/D7,"") -> 54.322684
A8: Memory after build (MiB) | B8: =SUMIFS('Icosahedron data'!$D$5:$D$24,'Icosahedron data'!$A$5:$A$24,"Old repo",'Icosahedron data'!$B$5:$B$24,$B$4) -> 7.43 | C8: =SUMIFS('Icosahedron data'!$D$5:$D$24,'Icosahedron data'!$A$5:$A$24,"Core (geodesic_grid_core.py)",'Icosahedron data'!$B$5:$B$24,$B$4) -> 4.5 | D8: =SUMIFS('Icosahedron data'!$D$5:$D$24,'Icosahedron data'!$A$5:$A$24,"New (arrays only)",'Icosahedron data'!$B$5:$B$24,$B$4) -> 1.21 | E8: =SUMIFS('Icosahedron data'!$D$5:$D$24,'Icosahedron data'!$A$5:$A$24,"New (with all vertex objects)",'Icosahedron data'!$B$5:$B$24,$B$4) -> 3.32 | F8: =IFERROR(C8/D8,"") -> 3.7190083 | G8: =IFERROR(B8/D8,"") -> 6.1404959
A9: Memory, all structures built (MiB) | B9: =SUMIFS('Icosahedron data'!$E$5:$E$24,'Icosahedron data'!$A$5:$A$24,"Old repo",'Icosahedron data'!$B$5:$B$24,$B$4) -> 7.43 | C9: =SUMIFS('Icosahedron data'!$E$5:$E$24,'Icosahedron data'!$A$5:$A$24,"Core (geodesic_grid_core.py)",'Icosahedron data'!$B$5:$B$24,$B$4) -> 4.5 | D9: =SUMIFS('Icosahedron data'!$E$5:$E$24,'Icosahedron data'!$A$5:$A$24,"New (arrays only)",'Icosahedron data'!$B$5:$B$24,$B$4) -> 5.65 | E9: =SUMIFS('Icosahedron data'!$E$5:$E$24,'Icosahedron data'!$A$5:$A$24,"New (with all vertex objects)",'Icosahedron data'!$B$5:$B$24,$B$4) -> 5.65 | F9: =IFERROR(C9/D9,"") -> 0.79646018 | G9: =IFERROR(B9/D9,"") -> 1.3150442
A10: 1 hop (ms) | B10: =SUMIFS('Icosahedron data'!$F$5:$F$24,'Icosahedron data'!$A$5:$A$24,"Old repo",'Icosahedron data'!$B$5:$B$24,$B$4) -> 0.0013 | C10: =SUMIFS('Icosahedron data'!$F$5:$F$24,'Icosahedron data'!$A$5:$A$24,"Core (geodesic_grid_core.py)",'Icosahedron data'!$B$5:$B$24,$B$4) -> 0.0012 | D10: =SUMIFS('Icosahedron data'!$F$5:$F$24,'Icosahedron data'!$A$5:$A$24,"New (arrays only)",'Icosahedron data'!$B$5:$B$24,$B$4) -> 0.0007 | E10: =SUMIFS('Icosahedron data'!$F$5:$F$24,'Icosahedron data'!$A$5:$A$24,"New (with all vertex objects)",'Icosahedron data'!$B$5:$B$24,$B$4) -> 0.0012 | F10: =IFERROR(C10/D10,"") -> 1.7142857 | G10: =IFERROR(B10/D10,"") -> 1.8571429
A11: 3 hops (ms) | B11: =SUMIFS('Icosahedron data'!$G$5:$G$24,'Icosahedron data'!$A$5:$A$24,"Old repo",'Icosahedron data'!$B$5:$B$24,$B$4) -> 0.0129 | C11: =SUMIFS('Icosahedron data'!$G$5:$G$24,'Icosahedron data'!$A$5:$A$24,"Core (geodesic_grid_core.py)",'Icosahedron data'!$B$5:$B$24,$B$4) -> 0.0058 | D11: =SUMIFS('Icosahedron data'!$G$5:$G$24,'Icosahedron data'!$A$5:$A$24,"New (arrays only)",'Icosahedron data'!$B$5:$B$24,$B$4) -> 0.0032 | E11: =SUMIFS('Icosahedron data'!$G$5:$G$24,'Icosahedron data'!$A$5:$A$24,"New (with all vertex objects)",'Icosahedron data'!$B$5:$B$24,$B$4) -> 0.0045 | F11: =IFERROR(C11/D11,"") -> 1.8125 | G11: =IFERROR(B11/D11,"") -> 4.03125
A12: 6 hops (ms) | B12: =SUMIFS('Icosahedron data'!$H$5:$H$24,'Icosahedron data'!$A$5:$A$24,"Old repo",'Icosahedron data'!$B$5:$B$24,$B$4) -> 0.0567 | C12: =SUMIFS('Icosahedron data'!$H$5:$H$24,'Icosahedron data'!$A$5:$A$24,"Core (geodesic_grid_core.py)",'Icosahedron data'!$B$5:$B$24,$B$4) -> 0.0214 | D12: =SUMIFS('Icosahedron data'!$H$5:$H$24,'Icosahedron data'!$A$5:$A$24,"New (arrays only)",'Icosahedron data'!$B$5:$B$24,$B$4) -> 0.0121 | E12: =SUMIFS('Icosahedron data'!$H$5:$H$24,'Icosahedron data'!$A$5:$A$24,"New (with all vertex objects)",'Icosahedron data'!$B$5:$B$24,$B$4) -> 0.0166 | F12: =IFERROR(C12/D12,"") -> 1.768595 | G12: =IFERROR(B12/D12,"") -> 4.6859504
A13: Whole sphere (ms) | B13: =SUMIFS('Icosahedron data'!$I$5:$I$24,'Icosahedron data'!$A$5:$A$24,"Old repo",'Icosahedron data'!$B$5:$B$24,$B$4) -> 8.14 | C13: =SUMIFS('Icosahedron data'!$I$5:$I$24,'Icosahedron data'!$A$5:$A$24,"Core (geodesic_grid_core.py)",'Icosahedron data'!$B$5:$B$24,$B$4) -> 2.055 | D13: =SUMIFS('Icosahedron data'!$I$5:$I$24,'Icosahedron data'!$A$5:$A$24,"New (arrays only)",'Icosahedron data'!$B$5:$B$24,$B$4) -> 1.184 | E13: =SUMIFS('Icosahedron data'!$I$5:$I$24,'Icosahedron data'!$A$5:$A$24,"New (with all vertex objects)",'Icosahedron data'!$B$5:$B$24,$B$4) -> 1.61 | F13: =IFERROR(C13/D13,"") -> 1.7356419 | G13: =IFERROR(B13/D13,"") -> 6.875
A15: Ratios above 1.0x mean the new implementation is faster / smaller. Old repo and "all vertex objects" hop times use the vertex API (get_neighbours_in_distance); Core and New (arrays) use within_hops.
A18: Correctness
A19: Old vs new outputs compared | B19: 44 cases: 3 bases + generic icosahedron net, f = 1–16, cumulative splits
A20: Coordinates, storage order, faces, seams, neighbour order, rings | B20: Bit-for-bit identical
A21: within_hops vs ring search | B21: 2,905 random checks, all match
A22: GeodesicDome test suite | B22: 80 passed
A23: GeoSOM test suite (using new dome) | B23: 122 passed
A24: ruff lint | B24: All checks passed

Sheet Icosahedron data
A1: Icosahedron dome — raw benchmark measurements
A2: Measured on your computer (Linux VM, Python 3.10, NumPy 2.2.6). Build = median of 3; queries = median of 80 runs (20 for whole sphere). Memory = tracemalloc live allocation after construction.
A4: Implementation | B4: Frequency | C4: Build (ms) | D4: Memory after build (MiB) | E4: Memory, all structures built (MiB) | F4: 1 hop (ms) | G4: 3 hops (ms) | H4: 6 hops (ms) | I4: Whole sphere, 3f hops (ms) | J4: Query method
A5: Old repo | B5: 4 | C5: 3.9 | D5: 0.18 | E5: 0.18 | F5: 0.0015 | G5: 0.0154 | H5: 0.0591 | I5: 0.131 | J5: get_neighbours_in_distance (+ reset visited flags)
A6: Old repo | B6: 8 | C6: 13.39 | D6: 0.55 | E6: 0.56 | F6: 0.0014 | G6: 0.0132 | H6: 0.0575 | I6: 0.48 | J6: get_neighbours_in_distance (+ reset visited flags)
A7: Old repo | B7: 16 | C7: 46.7 | D7: 1.97 | E7: 1.96 | F7: 0.0014 | G7: 0.0132 | H7: 0.0575 | I7: 1.812 | J7: get_neighbours_in_distance (+ reset visited flags)
A8: Old repo | B8: 32 | C8: 170.03 | D8: 7.43 | E8: 7.43 | F8: 0.0013 | G8: 0.0129 | H8: 0.0567 | I8: 8.14 | J8: get_neighbours_in_distance (+ reset visited flags)
A9: Old repo | B9: 64 | C9: 743.82 | D9: 29.63 | E9: 29.63 | F9: 0.0013 | G9: 0.0134 | H9: 0.0592 | I9: 35.952 | J9: get_neighbours_in_distance (+ reset visited flags)
A10: Core (geodesic_grid_core.py) | B10: 4 | C10: 0.88 | D10: 0.09 | E10: 0.09 | F10: 0.0013 | G10: 0.0058 | H10: 0.0181 | I10: 0.034 | J10: within_hops
A11: Core (geodesic_grid_core.py) | B11: 8 | C11: 2.79 | D11: 0.31 | E11: 0.31 | F11: 0.0012 | G11: 0.0058 | H11: 0.0206 | I11: 0.131 | J11: within_hops
A12: Core (geodesic_grid_core.py) | B12: 16 | C12: 9.97 | D12: 1.17 | E12: 1.17 | F12: 0.0012 | G12: 0.0058 | H12: 0.0212 | I12: 0.533 | J12: within_hops
A13: Core (geodesic_grid_core.py) | B13: 32 | C13: 39.24 | D13: 4.5 | E13: 4.5 | F13: 0.0012 | G13: 0.0058 | H13: 0.0214 | I13: 2.055 | J13: within_hops
A14: Core (geodesic_grid_core.py) | B14: 64 | C14: 157.15 | D14: 18.26 | E14: 18.26 | F14: 0.0011 | G14: 0.0057 | H14: 0.0209 | I14: 10.417 | J14: within_hops
A15: New (arrays only) | B15: 4 | C15: 0.45 | D15: 0.05 | E15: 0.14 | F15: 0.0007 | G15: 0.0032 | H15: 0.0104 | I15: 0.02 | J15: within_hops
A16: New (arrays only) | B16: 8 | C16: 0.63 | D16: 0.12 | E16: 0.42 | F16: 0.0007 | G16: 0.0032 | H16: 0.0116 | I16: 0.08 | J16: within_hops
... A24: New (with all vertex objects) | B24: 64 | C24: 29.78 | D24: 13.07 | E24: 22.36 | F24: 0.0011 | G24: 0.0044 | H24: 0.0151 | I24: 8.676 | J24: get_neighbours_in_distance (+ reset visited flags)
A26: Blue = measured values. "All structures built" adds the vertex objects, the object neighbour table and the hop index (old repo and core have nothing lazy).

Sheet Other bases
A1: Tetrahedron and dodecahedron domes
A2: Build = median of 3 constructions; memory = tracemalloc live allocation after construction.
A4: Base | B4: Frequency | C4: Implementation | D4: Build (ms) | E4: Memory (MiB) | F4: Build speed-up vs core | G4: Memory vs core
A5: Tetrahedron | B5: 64 | C5: Old repo | D5: 236.9 | E5: 7.46 | F5: =D6/D5 -> 0.15618404 | G5: =E5/E6 -> 2.0896359
A6: Tetrahedron | B6: 64 | C6: Core | D6: 37 | E6: 3.57 | F6: =D6/D6 -> 1 | G6: =E6/E6 -> 1
A7: Tetrahedron | B7: 64 | C7: New (arrays only) | D7: 7.9 | E7: 0.95 | F7: =D6/D7 -> 4.6835443 | G7: =E7/E6 -> 0.26610644
A8: Tetrahedron | B8: 64 | C8: New (all vertex objects) | D8: 11.2 | E8: 2.6 | F8: =D6/D8 -> 3.3035714 | G8: =E8/E6 -> 0.72829132
A9: Dodecahedron | B9: 32 | C9: Old repo | D9: 1035.7 | E9: 26.99 | F9: =D10/D9 -> 0.22332722 | G9: =E9/E10 -> 1.8273527
A10: Dodecahedron | B10: 32 | C10: Core | D10: 231.3 | E10: 14.77 | F10: =D10/D10 -> 1 | G10: =E10/E10 -> 1
A11: Dodecahedron | B11: 32 | C11: New (arrays only) | D11: 23.3 | E11: 3.2 | F11: =D10/D11 -> 9.9270386 | G11: =E11/E10 -> 0.21665538
A12: Dodecahedron | B12: 32 | C12: New (all vertex objects) | D12: 35.5 | E12: 9.4 | F12: =D10/D12 -> 6.515493 | G12: =E12/E10 -> 0.63642519
A14: Memory vs core: share of the core's memory (below 100% = smaller).

Sheet Memory breakdown
A1: Where the memory goes — new icosahedron dome, f = 32
A2: Each structure is built only when first needed. Core uses 4.50 MiB with everything built at construction.
A4: Structure | B4: MiB | C4: Built when | E4: Core (MiB) | F4: 4.5
A5: Arrays (coordinates, index grid, faces, neighbours, seams) | B5: 1.19 | C5: Construction
A6: Hop index | B6: 1.37 | C6: First within_hops / neighbour_ids call
A7: Vertex objects | B7: 2.11 | C7: First vertices / get_all_vertices / get_vertex_at call
A8: Object neighbour table | B8: 0.97 | C8: First get_neighbours / get_neighbours_in_distance call
A11: Usage scenario | B11: MiB | C11: vs core
A12: Arrays only (GeoSOM / DomeArrays path) | B12: =B5 -> 1.19 | C12: =B12/$F$4 -> 0.26444444
A13: Index API (within_hops) | B13: =B5+B6 -> 2.56 | C13: =B13/$F$4 -> 0.56888889
A14: Old vertex API | B14: =B5+B7+B8 -> 4.27 | C14: =B14/$F$4 -> 0.94888889
A15: Both APIs on one dome | B15: =SUM(B5:B8) -> 5.64 | C15: =B15/$F$4 -> 1.2533333
A17: Only "both APIs on one dome" exceeds the core.

Sheet API changes
A1: What changed for users of GeodesicDome
A2: Files changed: src/mt/geodesicdome/grid/geodesicdome.py, src/mt/geodesicdome/vertex.py, CHANGELOG.md (not committed).
A4: Kind | B4: Item | C4: Detail
A5: New | B5: within_hops(i, hops) | C5: Positions within a number of grid steps; no vertex objects or visited flags needed
A6: New | B6: neighbour_ids(i) | C6: Direct neighbours of position i, seams included
A7: New | B7: within_arc(i, angle) | C7: Positions within a great-circle angle (radians)
A8: New | B8: n_points, point_index | C8: Number of distinct sphere points; which point each stored position is
A9: Changed | B9: Vertex objects | C9: Created only when first asked for (vertices, get_all_vertices, get_vertex_at, get_neighbours, ...)
A10: Changed | B10: __slots__ | C10: Vertex and GeodesicVertex use slots; other attributes can still be added
A11: Changed | B11: vertex.coord | C11: A view of the dome's coordinate array; writing to it updates the dome
A12: Changed | B12: vertex.latlon_coord | C12: Computed the first time it is read
A13: Changed | B13: vertex.id, vertex.manifold | C13: id set when the vertex is created; manifold is the dome
A14: Changed | B14: IcosahedronDome.split() | C14: Creates new vertex objects (as tetra/dodeca already did); rejects non-integer factors
A15: Removed | B15: vertex.vertices, vertex.triangles | C15: Unused per-vertex empty lists
A16: Unchanged | B16: Outputs | C16: Coordinates, storage order, faces, seams, neighbour order and rings are bit-for-bit identical
